"**CONFIDENTIAL: This list and the information contained herein is the confidential and proprietary information of XMission L.C. This confidential information is subject to the confidentiality provisions of your client contract. Any disclosure of this confidential information is a violation of the client contract and subject to direct and immediate actions by ClickBank, XMission L.C., or both.**"
042516-redirectdigital.com
042516-redirectnow.com
0x90.xyz
1099-etc.com
1099etc.com
11bravoins.com
1cwe.com
1irstfund.com
1peakperformance.com
1stopcdshop.com
1townandcountry.com
1vizn.com
211ut.org
24by7.org
2ndlanguagesuccess-old.com
2prove.com
2sparehands.com
337project.org
36coupe.com
3amigospr.com
3dphysics.net
3dsynergy.us
405mud.com
44ertificationcriteria.net
44thbombgroup.com
49thstreetgalleria.com
4cbt.com
4cbt.net
4-ea.com
5thcorner.net
64byte.com
6advisors.com
75.gots.info
7resort.com
a2holdings.com
a3design.com
aaasugarhousestorage.com
aacarbide.com
aadl.org
aalaship.com
a-and-r-resources.com
aaputah.org
aarmsecurity.com
aarongarrettlaw.com
aauwutah.org
abbieandellies.com
abbotsfordrealestatequestions.com
abeswise.net
abetoner.com
abiapm.com
abilenefamilydentists.com
aboulderunion.org
absolutelyflowers.com
absoluteperformance.com
abuedfund.org
academicprocess.com
academicprocess.net
academicprocess.org
acburger.com
accentuateart.com
accessiblehomedesigns.com
accord-mediation.com
accountix.com
accounttec.com
acdnow.com
acecamp.com
acecamp-usa.com
acesea.net
acestreatment.org
acluutah.org
acmemh.com
acnapple.com
acordtherapy.com
acornsintheattic.com
acousticslc.com
acpao.org
acqu.com
acqu.com.tw
activesafety.com
actonegallery.com
acueastwest.com
acunagroup.com
acuratel.com
adaag.com
adcentiveswest.com
addaclevenger.org
addsuminc.com
adigitalsys.com
adrcsuite.com
adroitinfosystems.com
adscad.net
adsi.us.com
adsys.com
advancedcopyandphoto.com
advancedmodular.us
advancedsprayboothsystems.com
advantageforms.com
adventureescapes.com
adventurepirates.com
adventurestores.com
aerogram.net
aeromedprecision.com
aeromettech.com
aeromorphology.com
affmgmt.com
afjmedia.com
afoakom.com
afputah.org
afstrategies.com
afterfivevip.com
agbody.com
agrifoodprojects.ca
agtelco.com
ahacpa.org
ahhhmassage.us
ahorowitz.com
aidesoftware.com
ainfo.com
aircraftservicesutah.com
airzepp.com
ajsnet.work
ajsnetworks.com
alabiff.com
alanoclubslc.org
alanwhiteco.com
alaxifabrics.com
alaxifabrics.net
alaxitextiles.com
albertahenry.org
albertischools.com
alexawhipple.com
alexnabaum.com
alexsautohaus.com
alice.net
aliciasantistevan.com
alignededucationsolutions.com
alignforhealth.com
alignintegrationandmovement.com
alisa@aaputah.org
alkie.com
allansteed.com
alldeckedoutmt.com
allenparklibrary.org
allied-sign.com
allotech.com
allpointnetworx.com
allsmilespeoria.com
almaventures.com
alohaskirentals.com
alosiacarlson.com
alpenhofcondos.com
alphachurchsupply.com
alpinecenters.com
alpineclinic.net
alpineparkinginnovations.com
alpineskiproperties.com
alpinevista.org
alpinewellnesscenter.com
altaclub.org
alta-engr.com
altahistory.org
altairallc.com
altalodge.com
alternativetreat.com
altmode.com
alwaysawareenterprises.com
ambergini.com
amberonyx.com
amberrubarth.com
amembalandassociates.com
amembalandhalladay.com
americanfirstbuilders.com
americanguitarmasters.com
amfbuilders.com
amigobestfares.com
amigotickets.com
ampsportal.com
ams.1099-etc.com
amsfoodbrokers.com
amtprinting.com
amyanddon.com
ancquest.com
andersonappraisalgroup.com
andersonmonograms.com
andiamoproperties.com
andrewchase.com
andruslegaladvocates.com
angelshands.org
anotherlanguage.org
aohkay.com
apexys.org
aplionmedical.com
aplusdentistryforkids.com
appalachianbeercrafters.com
appliancedc.com
aprilhollingsworthlaw.com
aquacate.com
aquistdesign.com
arcga.com
archetek.net
archive.blomquisthale.com
archive.kensandersbooks.com
archive-psplawyers.com
archive-uilc.org
arcsight.consulting
arctechllc.com
arcticcirclerest.com
ardenhess.com
arecil.org
arevcofreight.com
arezzoclarinets.com
arguepearson.com
arockasphalt.com
arrowpoint.us
artcityautobody.com
arthurcnelson.com
arthur-nicholson.com
artisllc.com
artisticcreationsutah.com
artistjohnbell.com
arts-kids.com
arts-kids.org
artskids.org
artworksforkids.org
artzutah.com
asaferlife.com
asarchitecture.com
asbonline.info
ascentbackcountry.com
ascentpgs.com
asedarawhoney.com
ashross.com
ashworthlegal.com
asiantranslation.com
askdrtownsend.com
aspenconsulting.org
aspenconsultingusa.com
aspengrove.com
aspenmeadowsranch.com
aspenspine.com
aspergerinfo.com
assetsbedrock.com
as-slc.com
associated-rubber.com
astroburgerslc.com
astromatt.ws
atelierafa.com
ates.io
atidata.com
atkimax.com
atkimax.net
atkimax.org
atlasarchitects.com
atlasgrove.com
atmichiganinn.com
atmmusa.com
atomicage.com
attipaskids.com
attitude.net
attuneevents.com
auburn-hills.lib.mi.us
audea.net
audio-grenade.com
audiosys.com
auraspaforthespirit.com
auroraei.net
austinschuckwagonmotel.com
austintriallaw.com
autologydata.com
automationengineering.com
automobiledealerlaw.com
auvsipathfinder.com
avenuesnetwork.com
averyfamilydentistry.com
avihq.com
avivaembroideries.com
avnapps.net
avobase.com
avwxworkshops.com
awizardsworkshoppe.com
awmarshall.com
axesstco.com
axisengineering.biz
axisgeo.com
axist.com
azheadlightguy.com
azweaponsite.com
azwstactical.com
b5tech.com
backofbeyondstudios.com
backupmax.com
baconlibrary.org
badgrass.org
ballardphotographix.com
ballou.life
banjenjunga.com
bansheebox.com
bardilldental.com
baringsweb.net
barkandzoom.com
barnettwater.com
bartonmoody.com
baselinesurveying.com
basserp.com
bathfitteridaho.com
bathfitterutah.com
baxteronline.com
bbmesa.com
bbtc.net
bccutah.com
bccutah.net
bccutah.org
bchu.com
bcjlaw.net
bcn.net
bcollectiveslc.com
bcsproject.org
bdac.org
bdogbuilders.com
beardogs.org
bearhollowhouse.com
bearriverinsurancequotes.com
bearriverlandconservancy.org.old
beastcs.com
beaverclinic.net
beaverhospital.net
beccu.org
beccustaff.com
beehivecheese.com
beehiveglass.com
beehivelegal.com
be-equal.com
behindthekit.net
bekemmetals.us
belleville.lib.mi.us
benewsjournal.com
benjiimon.com
benmcadams.com
bennionjewelers.com
berkley.lib.mi.us
berryfarmsolutions.com
bespoke.com
bespoke.us
bestimpressiondental.com
bestrelay.net
betahwc.com
betheballfoundation.org
bgeinc.net
bhalliday.com
bhsj.org
bienflamenco.com
bigdances.com
bigredtoolbox.com
bikeschool.com
bikramyogaslc.com
billboardcentral.com
bindlestiff.org
biosysanalytics.com
bitstormtech.com
bjminis.com
bjornpress.com
blackbouldermesa.com
blackburnpropane.com
blackburnspropane.com
blackmountainmanufacturing.com
blacktigermagic.com
blade-techinc.com
blainecreek.com
blakeholding.com
blakesleylaw.com
blessedsacschool.org
blindminer.com
blissreceivership.com
block29.com
bluebirdsoftware.net
bluedotexchange.com
blue-eyedbuffalo.com
bluelid.com
blueskyorganicfarm.org
bluespring.me
bmbmunai.us
boardgamefightclub.com
boceanone.com
bockelie-law.com
boldcontrol.com
bonacci.net
bookofruthann.com
bookwagon.org
boomstartup.com
bootworks.com
boozetiqueslc.com
borderbridge.net
borghetti.com
boshardelectric.com
boudreauxmail.com
bouldercommunityalliance.org
boulder-utah.com
boultergroup.com
bountifulfoodpantry.org
bowlespackaging.com
bowmandesignworks.com
boxeldercu.com
boyers.org
boylere.com
bpai-usa.com
bpecklaw.net
bpjacobs.com
bpmailserver.com
bpwutahfoundation.org
bradreynoldsconstruction.com
brainwavedoctor.com
brasstacksthemovie.com
breephillips.com
breg.fief.org
brehmenvllc.com
bremondg.com
bremond-gregoire.com
bremondgregoire.com
bremond.us
brentwoodresearch.org
bretwebsterimages.com
briankelm.com
brianswansonarts.com
bridge2build.org
bridgerlandaudubon.org
bridger-riley.com
brightoncompetitionteam.com
brightoncompetitionteam.org
brightonskiteam.org
bringard.biz
bringard.com
bringardmill.biz
bringardmill.com
bringardmill.net
bringard.net
brinkerhofflaw.com
brinsondental.com
brmh.com
brollyarts.org
bronsoncrane.com
brooksarcade.com
broughfamily.org
browbeat.com
brschmiett.com
bruceboyes.com
bryodyn.com
bsmithconnection.com
bsnsware.com
bsumekmu.com
bturesearch.com
bubblesjane.net
buckhornflats.com
buckhornflats.net
buckhornflats.org
buenaventura.biz
buffalodreaminglodge.com
builderways.com
buildingcodespecialists.com
bullshikipedia.com
bulwarkdefense.us
bunl.net
burbidgemotor.com
burningrubbermedia.com
burtburrell.com
butchadams.com
butchjohnsonrealty.com
buysafeguard.com
buyveggie.com
buyveggie.net
bvdappraisers.com
bviincorporations.com
bwildkombucha.com
bytowndiesel.ca
c1dr.com
cab410.com
cab4ten.com
cabforten.com
cachedems.org
cachehikers.org
cactushillmotel.com
cactusllc.com
cajunslick.com
cakehairsalon.com
calcxml.com
calendar.guck.net
calloffthesearch.biz
callswithoutwalls.com
calnoyce.com
calvaryslc.com
campk.org
cannonballmusic.com
cannonballmusic.co.uk
cannonballraven.com
cannonballtrumpets.com
cannonballvintage.com
cannonfallssmiles.com
cansurvive.org
cansurvive.us
canyonheating.com
canyonnetworks.com
canyonrecreation.com
canyontransport.com
canyonwater.com
caphillcon.com
capitalchurch.com
capitalforce.net
capitalshieldins.com
capitol-glass.com
capitolpresscorps.org
capitolreefmedia.com
capitolreef.org
capitolreef.travel
capstonepm.com
caputah-old.org
caracolyachts.com
caraenterprises.com
careerwise.net
carlashes.com
carls-cafe.com
carl.tln.lib.mi.us
carmanrefrigeration.com
carnections.com
carolinacrossroadsdentalcare.com
carshippinginc.com
cartrak.com
cartwrightcom.com
casa-de-toro.com
cascadedigital.net
casellesupport.com
cassco.org
castlewall.us
casu.org
catalystmagazine.com
catalystmagazine.net
cathyives.com
catuesday.com
cbrei.org
cbxgeneralcontractor.com
cdautah.org
cdeautah.org
cdep.com
cdnc-ut.com
cdrhom.com
cds-agile.com
ce-2i.com
cellularsavvy.net
centerforseniorbenefits.com
centerlinebodywork.com
centuradev.com
centurionwheels.com
century21mcaffee.com
centuryeq.com
centuryimages.com
century.travel
century-tvl.com
cestpapier.com
cfande.com
cfaw.ca
chadfreeman.com
chalicefarms.com
chalicehorsefarms.com
chambers-family.us
chamberwest-old.org
chameleonartwear.com
charleyhafen.com
charlottes.biz
chasingtrout.com
chassis.com.tw
chconstinc.com
chdentalgroup.com
chdofnepa.com
cheatgrassbiocontrol.org
cheftomskitchen.com
cherishbound.com
cherry-hill.com
chicagoadvisory.com
childrenscenterutah.org
chilibubba.com
chinayonngfa.com
chipward.com
chnc-slc.org
chris-cassun.com
chrisdemuri.com
christmethodistchurch.net
christumcutah.net
chronosnet.com
chumsasia.com
cielodelmar.com
cielohospitalitycr.com
ciisnow.com
cilsuite.com
cirqproducts.com
citrisgrill.com
cityacademyslcpurged.org
citypetclub.com
cjcslc.org
ckrealestate.com
clacoequipment.com
claimjumperutah.com
claimsmgt.com
clarencebowman.com
clarkplanetarium.org
clarkplanetariumproductions.org
classfivecom.com
classicfuncenter.com
classicskating.com
clavius.org
clayhaus.net
cleancase.com
cleanmach.com
clear-simple.com
clecapitalpartners.com
click1.net
clickvault.info
clintonnursery.net
clockworkgolem.net
clossonassociates.com
cloudcroftapps.com
cloverbranding.com
clpgnj.com
clynestyle.com
cmautah.net
cmrinc.co
cmsofslc.org
cmwworld.com
cmwworld.org
cnyfamilydentist.com
coalescearchitecture.com
cocksuckersunlimited.com
codaoctopusamericas.com
codeinspection.com
codalli.com
cogfish.com
cognitech-ut.com
cogpc.org
cogsgames.com
coinzoomventures.com
colemanstelecom.com
colinadelmarcr.com
collardchiropractic.com
collinsroofinginc-old.com
colmek.com
colocade.com
colonialfirstlending.com
colorcountryanimalwelfare.org
colormynailssalon.com
coltinc.com
commercialloanexpress.com
commercialloansexpress.com
commercialpreservation.com
commsites.net
communicationsnet.work
communicationsone.com
communitylegalcenter.org
communitysharesutah.org
community-umc.net
companionftp.com
compeq.com
computerdetailing.net
comtek.com
conceptsal.com
concretecoloranddesign.com
confineless.org
conkolami.org
connerycpa.com
consistacom.com
consortiumwest.com
conspiracyinternational.com
controlbyweb.com
cooksons.org
cook-tech.com
copenhagenwest.com
copiesplusprinting.com
copperexclusive.com
cordin.com
corebrace-inactive.com
corenetworkcre.us
coreyrushton.com
coribrownassoc.com
cornercanyonconsulting.com
cornerstonedentistrync.com
corporatefinancialanalytics.com
corporateraidersgame.com
corpstaging.com
corp.xmission.com
cosgroveandlewis.com
cosgrovelewis.com
cosmo-oil.de
cost-engineering-intl.com
cottonwoodcanyons.org
cottonwoodcyclery.com
counterpointstudios.com
countryutah.com
countylinefarms.com
covepointretirement.com
cowboycauldron.com
cowboyhomesteadcabins.com
cowboyted.com
cowleypublishing.net
cphny.org
craftylush.com
crateinc.com
crawfordlanes.com
crawfordlanes.net
crcnationwide.com
crdiamondusa.com
creativepc.net
crhotelrealty.com
crimsonridgedentistry.com
crlifestyles.com
crossroadsconstruction.us
crossroadsspice.com
crossroads-u-c.org
crossroadsurbancenter.org
crowncabinets.com
crushlogin.com
crushroom.com
csautah.org
csbnational.com
cscreate.com
ctbxonline.com
ctstravelgroup.com
ctw56.net
cubarealitycheck.com
culture-development.com
curiouscrafts.net
curtisworthy.com
customconstructiondesign.com
customdomes.net
customer@beckinnovation.com
customerscarepc.com
cuzcoeats.com
cvcballet.org
cvmed.net
cybercsb.ca
cyseclectic.com
cysgourmet.com
cz-globaladvisors.com
cziryak.com
dadesigninc.com
daleangell.com
dalegreenwoodcarving.com
dam-construction.com
damerus.com
danacostello.com
danceandassocs.com
dancelink.net
dangberghomeranch.org
danzmo.com
darrenrpeterson.com
darrnet.com
datagirl.xyz
davecowen.com
davehalllandscapes.com
davenportdentalandwellness.com
daverichards-architects.com
davidbaddley.com
davidgyurth.com
daviscommunityhousing.com
daviscountysnowflakes.org
dbaresrc.com
dcarc.net
dcardlaw.com
dcfloans.com
dcitestsystems.com
dcncreative.com
dcsar.org
dcyha.org
deeptemp.com
deerbrookfamilydentistry.com
defensemachining.com
delbri.com
delphenichphotography.com
delrioenterprises.com
delrustico.org
delta.utah.gov
deluxedesign.com
demersglass.com
demo.mxtoolbox.com
demrice.com
denialsmgt.com
denisj.net
denkersfoundation.org
dennismecham.com
dentalbranding.com
dentistryforlife.com
depomaxmerit.com
derekgarciadental.com
deseretglobal.org
desertedgebrewery.com
desertpearl.com
desertroseenv.com
designinterfacellc.com
designsbydavid.net
dexter.lib.mi.us
dhadvocates.com
diamond-mold.com
diamondmold.com
diamondmoldinc.com
dianeticsinutah.org
dickinsondds.com
diestel.com
digga.tv
digitalphasor.com
digitalsingularity.com
digital-spectrum.com
digitele.com
digitree.biz
digyourdigs-old.com
dillonwebb.us
dimensionrealtyservices.com
dimensionsales.com
direperil.com
#NAME?
discountsizing.com
disco-zombie.net
diskomp.com
diso-zombie.net
divagmarketing.com
diversesound.com
diversifiedagmarketing.com
dlb.name
dlexpress.net
dmatlc.com
doctmcooper.com
doctorowfoundation.org
doctorstaffinginc.com
docuprep.com
dodgeownerforums.com
dodosgame.com
dogsmeow.com
dogswillhunt.com
dolarenergy.com
dolarenergy.net
dolog.com
donthorpe.com
donthorpeimages.com
donwuerfel.com
doocrew.biz
double-check.us
down-2-earth-solutions.com
dpac.org
dragonsly.net
drahthaaraddiction.com
drapertheatre.org
drbradwhite.com
drcarioneal.com
drcarolwolff.com
drdanspd.com
dreamgarden.com
drei-nm.com
drinkingwithfriends.com
drjayni.com
drjohnmiddleton.com
drmarkmiles.com
drnedley.com
drpoarch.com
drsksmith.com
drtomdentistry.com
drukersecurity.com
drwygodny.com
dtbruce.com
dtc-nw.com
ducknextdoor.com
duffinlaw.com
duidunwoody.com
dunbarappraisals.com
dunbarfamily.org
durafuseframes.com
dutchsailingboys.com
dvorak-keyboards.com
dwmoore.com
dynamail.net
dynamictouch.net
e3architecture.com
e3fabrication.com
e3modern.com
eagledisplays.com
eagleshealthstudy.com
ear-rational.com
earthfax.com
earthscienceeducation.org
earthxllc.com
ease-inc.com
eastgreatdaydental.com
eastlansingdentist.com
eastvalleychamber.org
easystreet.es
eatgrkitchen.com
ebbu.com
ebiederm.org
ebox365.com
ecclesine.net
eceonlinetemp.com
echardlaw.com
echelonprllc.com
ecookdbs.com
eco-poxy.net
ecor.org
ecorse.lib.mi.us
ecotechss.com
edbrasslaw.com
edgedigital.org
edgeofdiscovery.org
edhallxm.com
edmsteel.com
educationsystems.com
education-web.net
edwinwall.com
egyptiantheatrefoundation.org
eislc.com
elandentalgroup.com
eldredgefurniture.com
electronluv.com
electroregeneration.org
electroregenerationsociety.org
element11.org
elemtech.com
elevatecu.com
elevatedlearninginternational.com
eleventhstreetpress.com
eliasdentistry.com
elignabar.com
elite-housing.com
elkowirerope.net
elkstreamranch.org
ellisenviro.com
ellsworthandassociates.com
elsiehageninteriors.com
email.pictordesign.com
email.securitycoverage.com
emeevent.com
ememeetings.com
emeryenergy.com
emz5.mxtoolbox.com
emz.mxtoolbox.com
enbstatic.com
encryptbox.com
energyenterprises.net
engageutah.org
enreds.com
entertainmentisdead.com
environmentalcareer.com
environmentalethics.info
envisionescalante.org
envyscripts.xyz
epiresearch.org
eqsummit.org
equitylabs.com
e-rainmaker.com
eric-jensen.org
erickdair.com
ericschrammphotography.com
erikjorg.com
erikscottmedia.com
ernienorthway.com
esalaw.com
esautomation.com
esbsllc.com
esby.com
escalanteheritagecenter.org
eseth.com
esingleparent.org
esscoparts.com
esscopumps.com
eteknic.com
etherealaudio.com
ethernaut.net
eugster.biz
eventavant.com
everybloomingthing.cc
evilgeek.us
evoengineering.com
evolutionaryhealthcare.com
evolutionaryhr.com
e-wt.com
ewww.io
example.com
examroom.ai
excel-plumbing.com
execalliance.com
executechutah.com
explore4life.com
expressbox.net
expressmsg.net
exyst.com
ezpassinfo.com
facbiz.com
facesdownwind.org
facesutah.org
factorysales.com
fadellaw.com
fairchild-creative.com
fairelectionsutah.com
fairfieldvet.com
falconedentistry.com
fallforlocal.com
fallinlovewithlocal.com
f-alumni.net
familygas.com
familystorytelling.com
famousbrains.com
famties.com
farrwestcomputer.net
fashionshopgirl.com
fasteddiefilms.com
fastlanetools.com
fastnetnowsite.com
fastrelay.net
fasttrackdeliveryinc.com
fbcbountiful.com
fbisolutions.com
fcivancouver.com
fconsult.net
fdsoa.org
federreporting.com
fellowshiputah.org
feltondentistry.com
fibrowellness.com
fidelmoore.com
fidosfoundation.org
fidweb.org
fief.org
fieldstonebordercollies.net
fiksucomms.com
fillmorecity.org
fillmoreinsurance.com
filmsrandom.com
fimltd.org
fincalc.com
finelawnsparkcity.com
fink-mcgregor.com
firecoral.org
firemsg.net
firesystemhawaii.com
firm406.com
firmageditions.com
firstbaptist-slc.org
firstcoasthomehunters.com
firstnightslc.org
firstreflections.net
fische.net
fisherutah.com
fixmyclaim.com
flatrockclub.org
flawlessshopping.net
fleetview360.com
fletcherbooth.com
fliilife.com
flingading.com
fluidpowersafety.com
fluidsteel.com
fndtn.org
fogsl.org
fogsl.org-old
fogtechnologies-temp.com
foodtruckfaceoffslc.org
foreststar.com
forethoughtcreative.com
forgothow.com
forseys.com
fortesantiago.com
fourelementswellness.com
fourwind.org
fowlerprop.com
foxterra.biz
foxwoodlakealmanor.com
fpti.org
fragfarm.com
frangiblebullets.com
franklin.lib.mi.us
frcigroup.com
fredccox.com
fredcox4america.com
fredcox4utah.com
fredhayes.com
freeoiltest.com
freestonetech.net
frenchbase.org
fridafeature.com
fridayskids.org
friendsofalta.org
friendsoftimpanogoscave.org
frlib.org
frngwear.com
frogbenchfarms.com
fs-advisor.com
fsbulletsandbrass.com
fscogden.org
fsreloading.com
fueloilsystems.net
fullmer.net
fundgroup.com
fundsites.com
fundvision.net
funkfarms.net
fusion-factory.com
future500.net
futurlogics.com
fuzemail.net
fxenergy.com
fxsupply.com
gabriellahunter.com
galaxygymkids.com
gallerystroll.org
gamelikeus.com
gapaskett.com
garcialove.com
gardenscalemodels.com
gardenway.org
garistewartnowlinfoundation.org
garmoly.com
garners.co
gastown.com
gateway29.org
gbearthscience.com
g-build.com
gcdentalcare.com
gcriverguide.com
geneatkinson.com
genhu.org
gentlerace.com
gentner.com
geomega.com
geondata.com
geonmedia.com
georgiaduilawfirm.com
geraldwhitley.com
germansb.de
germanwithnicole.com
germguard24hrs.com
getsomemail.net
gflcompanies.com
ggglow-old.com
ggresidentialmortgage.com
giddiots.com
giftedmusicschool.com
gigaplexdesign.com
gilgalgarden.org
gilmourlime.com
giovanniexperiencespurged.com
girlsontherunsaltlakepurged.org
girlsrockslc.org
g-i-t-s.com
glassartguild.com
glenbardfamilydental.com
glitchvid.com
globalconstitution.com
gmtel.net
go4nrg.com
go-a.com
gocslcxm.org
godlessmotherfucker.com
gogeorge.biz
gogreenslc.com
golarson.com
goldcitegems.com
goldsproutprofits.com
golfballshop.com
go-lighthouse.com
gomissionparishut.org
gonnelly.com
goodtogographics.com
goprtc.com
goscriptures.com
gourmandisethebakery.com
go-veggie.com
govin.net
gowithquality.com
gpengineering.com
grand-canyon-rafting.com
granitekids.org
grantforkil.gov
grayengineers.com
graymtr.com
grayworks.org
greatbasindata.com
greatdaydental.com
greatoldbroads.org
greatsaltlakekeeper.org
greatwesternlandscape.com
greatworx.com
greendaymoving.com
greenfrogmedia.com
greenlife.co.ke
greenrisingmarketing.com
greenstreetbanker.com
greenwayelecsvc.com
griffco-old.com
grisleylaw.com
grm.net
grocogon.com
groupanj.com
growingupcomesfirst.org
gryphyn.com
gshrubber.com
gsla.us
gslr.org
gsmcityinc.com
gsmcitysc.com
g-starllc.com
gthebakery.com
guck.net
gugogear.com
guv1.com
gvpc.org
gwlamps.com
h2obroom.com
habitatsaltlake.com
habitatuc.org
halemt.com
hallidaycpa.com
hambadger.com
hamlakedental.com
hamtramck.lib.mi.us
hands-on.com
handsonpromotions.com
handtronix.com
hansenallenluce.com
hansendome.com
hansendome.net
hansendome.org
hansenjewelry.com
haolaw.com
happylittleartist.com
happysumosushi.com
harrison.ch
harrispacific.com
harrylee.net
harryreems.com
harvill.info
haskinsjameslaw.com
haslcutah-old.org
hawaiisfinestflagfootball.com
hawilkerson.com
hawkinsduilaw.com
hawks5.net
hawthorne-elp.com
hazel-park.lib.mi.us
hcfslc.org
healthcarecolleagues.com
healthmaprx.com
healthysmilesofscappoose.com
healydesigns.com
hearingscreeners.com
heartofninemile.com
heavystonelab.com
heidiswapp.com
helionprimemetal.com
helpmefinancial.com
helpotherpeople.org
herplit.com
herridge.com
hessbuilder.com
hessconstructionllc.com
hessconstruction.net
heymary.com
hezelprofile.com
hftproperties.com
hfutah.org
hhoffman.com
higginscpa.com
higginson-morrell.com
highlandgolf.net
highland.lib.mi.us
highpointpayments.com
hillsidevet.com
hipandhumble.com
hipointmedia.com
hire11.com
hisingenband.com
hkconsulting.biz
hksbmail.net
hlresearch.org
hmdigital.net
hobbsmediation.com
hofeldt.net
hoffman-arthur.com
hoffmanbrouse.org
hollywood-fx.com
holytrinityabbey.org
homecooks.net
homeownerenergy.org
homes4u2.com
hometrainer.com
hometraining.com
honeylooms.com
honeytailia.com
hopeconsultants.org
hopenergies.com
horizonconcrete.net
horizonwestmanagement.com
hoshiro.com
hoskinsdentistry.com
hotelzodiac.us
hot-graphics.com
householdmoving.com
houseofchuckles.com
houseofhoyt.com
house-special.com
housespecial.com
housewatchcompliance.com
houstonandharris.com
hubking.com
huettermill.com
humanistsofutah.org
huntington-woods.lib.mi.us
huntingtonwoodslib.org
hunt-pc.com
hupc.org
hvac-construction.com
hvacconstruction.net
hvacconstructionutah.com
hvacequipmentsales.com
hvac.local
hwpclaw.com
hyacinthlane.com
hyandmikes.net
hydetour.com
hydrosavvy.com
hylandmusic.com
hyline.biz
hyperpost.net
hysteria.net
iabcutah.com
iambryce.com
iammiracle.com
iaphs.org
iassessment.com
ibgrp.com
icaruscuba.com
icarusecuador.com
icarusecuador.net
icctesting.com
icd.com.tw
iceworksutah.com
icon-av.com
icorrtech.com
icpclc.com
ics-sales.com
ics-serv-secure.tk
iddsuite.com
ifm-services.com
ifsusa.org
iggyssportsgrill.com
igrasp.com
i-llbeback.com
iltech.us
imageaction.com
imageproviders.org
imd-inc.com
imergencysys.com
imgbranding.com
immediategeek.com
impaca.org
ims-awwa.org
indianwalkincenter.org
indigenouslenses.org
industrialimaging.com
industrialtimber.com
industroinc.com
industrointl.com
infigofilms.com
infillcompanies.com
infiniteideas.com
inflopipe.com
infobytes.com
informationandreferral.org
info.upha.org
infymus.com
ingdental.net
ingersolldds.net
inis.net
inkster.lib.mi.us
inkthorne.com
inn0vate.com
innlight.com
innotek.biz
innovatedental.net
innovationofdrones.ca
innovationofdrones.com
innovative-companies.com
innovativetrackingsolutions.com
innovativetrailer.com
innovativetrailer.net
insightreport.org
insure-right.org
insure-rite.com
insure-rite.net
insure-rite.org
intecwi.com
integraldev.com
integraldev.net
intelbytes.com
intelligentlookup.com
intellivex.com
intentionalcreation.com
intermountainfurniture.com
intermountainproperties.com
intermountainsweeper.com
internationalbrokersgroup.com
internetofdrones.ca
interpretermail.com
inteummail.com
intlbb.com
intriguedbc.com
intuistic.com
investutah.org
invitethem.org
ioffer.com
ipflatfee.com
iprevo.com
iproperties.com
iq2learning.com
iqra-utah.org
irock.us
ironmtnventures.com
ironmtnventures.net
irstaxes.us
isbtv.com
iskipc.com
ismfilms.com
isoforensics.com
israelrevealed.com
istte.org
isurfaceart.com
italiancenterofthewest.com
itelgroup.com
it-safety.com
itsinutah.com
itworxhcs.com
ivacationclub.com
ivflabs.com
ivorpalace.com
ivumed.org
iwic.org
j4them.org
jackcocpa.com
jackiebiskupski.com
jacksonenterprises.us
jacksoninsuranceslc.com
jadaproperties.com
jaffagroup.com
jakesskirental.com
jamesreubenknowles.com
janelljames.com
janetjohnsonartist.com
jasperworksexhibits.com
jb4gdi.com
jberke.com
jbintelligence.com
jborg.com
jchacket.com
jchackett.com
jcmanagement.net
jcmconsulting.com
jdcdj.com
jdglenncpa.com
jdhezel.com
jdiamondlaw.com
jeboyer.com
jeboyercompany.com
jedcor.com
jeffrappaport.com
jeharkins.com
jemsjackson.com
jerrysnursery.net
jespersendesign.com
jessecolby.com
jessreidrealestate.com
jetpinkbox.com
jfboyleassociatesllc.com
jhtunnel.com
jimmyclosner.com
jjrmed.com
jlittlerealestate.com
jlogden.org
jlslc.org
jmaccountinginc.com
j-msteel.com
joehill2015.com
joeltterranova.org
johnbprince.com
johnevanscompany.com
johnnysonsecond.com
johnnyworthen.com
johnparas.com
johnrendell.com
johntestzimbrareg.net
jo-law.com
jonesplanet.net
jonssonmail.net
joos.com
josephinegoldmine.com
joyfulsound.org
jpannieg.info
jpmsqlnetonlinecnnt.com
jra-assoc.com
jrtlaw.com
jrts-law.com
jscottanderson.com
jtr3solutions.com
judebown.com
juicywhip.com
juneengineering.com
junglehammock.com
jupitereng.com
jvanna.com
k2buildx.com
kabaju.net
kabobos.com
kaecorp.com
kahnsoft.org
kairoscorp.com
kajikaarchitecture.com
kalicorp.com
kamasvalleyrealestate.com
kampretsquad.com
karbonengineering.com
kathrynforsenate9.com
katzmaneye.com
kbruningmd.com
kcpw.org
kdylam.com
keithlange.com
kelleylindberg.com
kellyturner.ca
kelson1.com
kempfgunshop.com
kennedys.org
kerrystitchdesigns.com
kesler-rust.com
keslerrust.com
khi-eng.com
kidshealthrights.org
kidsneuropsych.com
kilcrease.com
killgore.org
killpacklaw.com
kimelotte.com
kindacts.org
kindnessharvest.org
kineticout.com
kingspeakmediaut.com
kirkley.com
kirstenpeterson.com
kitkooh.com
k-j-designs.com
kjhdentistry.com
kjhealydesigns.com
kjsheatingandairconditioning.com
kjshvac.com
kleigerdentistry.com
kmtreward.com
knightdesigngroup.com
knightmachininginc.com
koaninc.com
kochmech.com
konvective.com
koolstop.com
koreisma.com
kosmocorp.com
kpbiznet.com
kpcw.org
kranstover.com
krcl.org
kreg.fief.org
kristyfarnsworthphd.com
krjc.com
ksbpatents.com
ksopcountry.com
kurzweil.com
kurzweilmusic.com
kurzweilmusicsystems.com
kurzweil.us
kwanradio.com
kwanradio.org
kylewjoneslaw.com
l2datacollection.com
laboweninsurance-old.com
lacountyclaims.com
ladiesliteraryclub.com
lakehoustonendodontics.com
lancefunkfarms.com
landforms.com
landsolutionspc.biz
lanewilkfamily.net
lanewilkfamily.org
langfordramos.com
lanprofessionals.com
lappingdays.com
laramie.dental
larrabeeceramics.com
larrypattis.com
layoutdynamics.com
laytonmaaco.com
lbrcommunications.com
ldfirm.com
ldi-ut.com
ldsafa.org
ldshistory.us
leaderinus.org
leadershiptriangle.com
leadpointsolutions.com
leagueofutahwriters.org
learningdesigns.biz
leddenandbradley.com
leggettarch.com
lehirotary.org
lenderlab.com
lendingca.com
leosauto.com
lesliejrandolph.com
leslielammle.com
letmeshine.org
letslc.com
letsvacation.com
levinedevelopment.com
lewisriverautolicensing.com
lfdmail.com
lfhsoccer.com
lhclawyers.com
libertyheightsfresh.com
libertyhillcomms.com
libertyparkcrafts.com
lifecircles-inc.com
lifeimagedigitalphoto.com
lifteachother.org
lightspotmoderndesign.com
likhautah.com
lilyivor.com
lincoln-park.lib.mi.us
lindarsmith.com
lindaunderwood.com
linuxlawyer.com
lionfish.org
liston.com
lists.tln.org
literacyactioncenter.org
littleredpd.com
littlerkids.com
livedaybreak.com
liveearthimaging.net
livethursday.com
livinghealthy-er.com
livinglifelegacy.org
livonia.lib.mi.us
livoniapd.com
livoniapubliclibrary.org
ljonesmediation.com
lkc1.com
llutahlaw.com
lmfcu.us
loami-windmill.com
localfirst.org
locutnix.net
lod-max.com
loganmedicalfcu.org
logannature-old.org
lollipopcenter.com
lonepeaklicensing.com
lonepeakrealty.com
longhornatv.com
longtermcarelink.net
lonnieknuckle.com
looking4parts.com
lordemann.com
lorenagonzalezfoundation.org
lorinelson.com
lostarttattoo.com
losvados.com
lpina.com
luisnet.us
lukejohnsonlewis.com
lunastix.com
lushlensphotography.com
luxuriousfishingvacations.com
lwc2000.com
lwccslc.com
lwccslc.org
lwvutah.org
lyon.lib.mi.us
lyynks.com
macadamfoundry.net
machinage.com
macmillerlegal-archive.com
macphersonaudio.com
macr.com
mactechautomotivegroup.com
madeleinechoirschool.org
madhawaiian.com
madison-hgts.lib.mi.us
maggianolaw.com
magnuselectric.com
magtoyz.com
mail.bcn.net
mailbox100.com
mailexpressplus.com
mailit.org
mail.remote-backup.com
mail-ring.org
mail.synap.io
mailz.oceancs.com
mail-zone.org
makechip.com
makobritz.com
makolariik.org
malirisingfdn.org
manage-volunteers.com
mandaanddave.com
manwill.net
mapledrivedentistry.com
mappslab.net
mappslab.org
marbletvchannel.com
marenfarmer.net
marenzana.com
margycampbellconsulting.com
markandassociates.com
markltanner.com
marlon.io
marriageministry.org
martinblundell.com
martineaulaw.net
martirogers.com
marybianco.com
masterknife.us
mathewsonimages.com
mattblackcreative.com
mattpageteam.com
maxxivy.com
mcaffeerealtors.com
mcbride-consulting.com
mccardledentistry.com
mccartheydressman.org
mcgmediagroup.com
mcintyre-golden.com
mcmeng.net
mcmullinlaw.com
mcpevents.net
mcqueenmasonry.com
mcsales.net
mcsorenson.com
mdecnet.org
mdltriallawyers.com
meadowfamilydental.com
meadowlarkfamilydentistry.com
meatless.org
mechamphoto.com
mecheye.com
medc-utah.org
mediadivide.org
mediarighton.com
medicinewalk.net
medventureholdings.com
megangibbons.net
melvindale.lib.mi.us
mentalabeyance.com
merrill.cc
merrillenergy.com
messco.com
messmers.com
mestizoarts.org
mestizocoffeehouse.com
mestmanmedical.com
metalbashing.com
metalogia.com
metaluum.com
methcleanup.com
metrapublishing.com
mfbell.com
mfdstudio.com
mgm.ca
michaelbartlettdds.com
michaelcdarling.com
michaelromanolaw.com
michaelschoenfeld.com
michaelseanking.com
michaelsutter.com
michelleking.com
microdotmedia.com
microhorizon.net
microlin.com
micronsize.com
micronsolutions.com
midwestfamilydentistry.com
midwestmortgage-mn.com
mikedaniels.org
mikehaleacura.com
mikehalechev.com
mikehale.com
mikerudertgroup.com
miklavcic.media
mikolay.com
milfordclinic.net
milfordhospital.net
millcreekfidos.org
millcreekherbs.com
millcreektownship.org
millcreekveterinaryclinic.com
millcreekwomenscenter.net
millerbungalow.com
millergc.com
milnejewelry.com
mindfulcoffeecompany.com
miningmachineryplus.com
mioffice.org
miratransportusa.com
miriamdrury.com
mivacmail.com
mixednutsmusic.org
miyostrong.com
mjl-law.com
mjrusso.us
mklpr.com
mmc-mn.com
mmmind.com
mncabot.com
moabdiscovery.com
mobilefree-assistance.com
mobilescrow.com
moderninvestmentgroup.com
modernprecast.com
modsquaddental.com
modusgrp.com
mo-dv.com
modwestdesign.com
mokibistro.com
mokikitchen.com
molaro-usa.com
molsencpa.com
moneyhun.com
moneymind.com
monkeycosm.net
monkeysushi.net
montroseadvanceddentistry.com
moochiesmeatballs.com
moonstormwolf.com
morefunner.net
mormoncurtain.com
mormontrails.org
morozviolins.com
mosaiqfragrance.com
motelsupplies.com
motherearthartworks.com
motherurbans.com
mothsinthetealeaves.com
motivepowerlabs.com
mountain-craft.com
mountainexpressmortgage.com
mountainhighsoftware.com
mountainpacificre.com
mountainperformance.com
mountainsuntouring.com
mountaintrails.org
movecontainers.com
moviesoutdoors.com
movingcompaniesinc.com
movingconnections.com
movingforwardutah.com
moving-quotes.com
movingtoolsinc.com
moxwalls.com
mrchadjohnson.com
mrcharon.net
mrchristensenconstruction.com
mreg.fief.org
mrhsys.com
mrpinball.com
msg247.net
mshoop.org
msqx.net
mssny.org
mtaconsulting.net
mtmen.org
mtmoriah2.org
mtnvistaumc.org
mtoly.com
muahnet.org
muchmorethanatoy.com
mundiproject.org
muni-man.com
munupsilon.com
murrayconcertband.org
murraysymphony.org
museumofchange.org
mushmouth.club
mushmouth.online
mvandyke.org
mwanalytics.com
mwbccb.com
mwffl.org
mwp401k.com
mxswitch.com
mydollar.net
myestateplan.com
mygenerationsfamilydental.com
myhre-law.com
myletterbox.net
mymemories.com
mymortgagegal.com
mymortgagegals.com
mypediatricdentistry.com
myprecisiondental.com
myq90.com
mysocialempire.net
mystichotsprings.com
mywindowsolutions.com
nadesanbeck.com
nalashaa.com
nametag.com
namisuite.com
nancysaxton.com
nanoplex.net
narratext.com
nataccess.com
natequip.com
nationalautotools.com
nationallaser.com
nationalsecretary.com
nationaltriallaw.com
national-welding.com
nativeplanning.com
naturalenergy.ltd.uk
navajosanta.org
nawcinc.com
nccertesting.com
ncs.xmission.com
ndpartners.org
nebophil.org
nedleyclinic.com
nedleyhealthreport.com
nedleyhealthsolutions.com
nedleyradio.com
needsbeyondmedicine.org
neighborhoodbikeco.com
nelowvision.com
nepsa1.com
netcomutah.com
netcomvoip.com
netman86.com
networking-help.biz
neubecker.com
neurlogic.com
neuroadjuvants.com
neurodynamics.biz
newcorpintl.com
newenglandb2bmarketing.com
newhome-consultants.com
newlifestyles.net
newperformingartscenter.org
newportwavedental.com
newsourceintl.com
newtorchent.com
newvisionmachinery.com
nexthomeprofessionals.net
nextlevelconsulting.biz
nfssd-old.org
ngocentral.org
nicholsonmelodies.com
nickclarkdesigns.com
nicolewarner.com
nicopump.com
nicopumps.com
night-flight.com
nitmik.com
nkhcorp.com
nomadutah.com
nordictribes.net
nordisklys.net
norgaardpeterson.com
north649.com
north705.com
northmetrocompanies.com
northmetrolandscaping.com
northvillelibrary.org
northwestsafesales.com
northwoodsdentistry.com
nostalgiacoffee.com
novaiot.com
novumct.com
nowmail.org
nowpicturethis.com
nowtechinvestigators.com
noyl-llc.com
nsfparkcity.org
nugax.com
numericresources.com
nurturingparenting.com
nutleyfamilydentistrynj.com
nutrends.ca
nutritiousintent.com
nuxoll.me
nvbizconnect.com
nxicom.com
nycbgextra.com
nylanderscaffold.com
nyomasmedical.com
oakleytelecom.com
oakridge-inc.com
obarski.com
objfit.com
ocporpuision.com
ocpslc.org
odysseydance.com
offcenterapps.com
offcenterfilms.org
officeworld.com
officezone.com
officialcontact.biz
ofoa.net
ogden4arts.org
ogdenartsfestival.com
ogdenethics.org
ogden-raptors.com
ogdenrotary.com
ogdenvalleylandtrust.org
ogdenweber.org
ogmandino.com
ohana2.com
ohivey.com
oktoberfestpackages.com
oldclipper.net
old-regencyx.com
oldworldmill.com
oldworldmill.net
olympusaerialsurveys.com
olympusgold.com
olympuspub.com
ombellchoir.com
omnicommllc.com
omni-lift.com
oneirostech.net
online-backup-software.com
online-holdings.com
onzonetravel.com
op-eng.com
open-tech.net
open-tec.net
opportunityfoundationofamerica.org
opsfab.com
opusholdingsco.com
orb-cpas.com
oscaleguys.com
osolago.com
ostlergroup.com
ottleyfloor.com
ourchildrensfriend.org
outbacktopsoil.com
ovid.net
ovidsantoro.com
ownabusiness.biz
owningyoursexuality.com
oxfordacademy.info
oxfordlearningsource.com
p2sustainablesolutions.com
p3utah.org
pac8hockey.com
pacamerica.com
pacd.org
packcreekranch.org
packnstore.net
packthenstore.com
pagosahotsprings.com
palmsintl.com
pandcins.com
pandkc.com
pandoassociates.com
paradisefireprotection.com
paradisestaffingllc-archive.com
parallelcellar.com
parallelcellars.com
parallelestate.com
parallelestates.com
parallelnapavalley.com
parallelvineyard.com
parallelvineyards.com
parallelwine.com
parallelwines.com
paramountitle.com
parcellsharp.net
parisianblues.com
parkandzoom.com
parkarc.com
parkcity4x4.com
parkcityanimalclinic.com
parkcitymortgage.com
parkcitynewcomers.org
parkcitypetresort.com
parkcityskirental.com
parkcitysoftware.com
parkcitysport.com
parkcitysportonmain.com
parkcitystorage.com
parkcitytrading.com
parkcityutahhomes.com
parkinginnovation.com
parowanclinic.net
parowanumc.org
parshall.us
partneraid.com
pashdown.com
pashdown.net
pashdown.org
passagetoutah.com
patentjs.com
pathfinderfoundationhsv.com
patricearent.com
patriotgunsafes.com
patriotsafe.com
pattyt.com
paulanderson.org
paul-dunbar.com
paul-dunbar.info
paulsenresearch.com
pavao.org
pbageo.com
pbcmedia.net
pbrnet.pharmacist.com
pcequinecenter.com
pchdtv.com
pchwins.com
pclosee.com
pctoastmasters.com
pcwoodoworks.com
pcwoodworks.com
pdboring.com
pdc1985.com
pdpglobal.info
pd-slc.com
peacock-consulting.org
peakandbeach.org
peakdesignworks.com
pearlandtexaschamber.us
pearsonfirm.com
pegasus.us.com
pelorusgroup.com
pelorusmail.com
penblanks.ca
pendingdelete.com
pensionswest.com
pensivemoon.org
pereboom.tech
pereboom.us
perfectchoicedental.com
pergasa.com
peropt.com
perova.com
personalgourmet.net
personalized-ribbons.com
peteashdown.com
peteashdown.net
peteashdown.org
petersgrouppr.com
petittofamilydental.com
phdm.org
philsb.org
photoshopboy.com
php-dev.net.net
physiciansinformationnetwork.net
picaboskichallenge.com
pictordesign.com
piedrasassi.com
pieholeutah.com
pinecanyonlodge.com
pinnaclegrouputah.com
pioneerheritagecenter.org
pioneermedicalservices.com
pioneerpark.co.old
pioneertheatre.org
piperaccess.com
piranhamedical.com
pixelcrane.com
pizzadeliverydrivers.net
pjsa.net
planbtheater.org
planbtheatre.org
platteng.com
playbook.com
playfox.com
pleasantvalleydental.com
plexusperfection.com
plunker.com
plunker.net
plymouthlibrary.org
pmi-sd.org
pocockindustrial.com
pod-logistics.com
pointoviewlandscape.com
poliformslc.com
poliformutah.com
pollyhartjewelry.com
polusdental.com
poplarcreekprairiestewards.org
poplarstreetpub.com
popsutah.com
popsut.com
portaboxstorage.co
portaboxstorage.com
portaboxstorageut.com
portaboxut.com
portalislc.com
possibilitiesforkids.org
postconnect.net
postrunner.net
poultonins.com
poulton-yordan.com
powellbrosglassart.com
powerangle.com
preciouscomfort.com
preftitle.com
presortessentials.com
pressingtruth.com
prestonwill.com
prideemail.com
pridetransport-old.com
primepost.net
primusloans.com
princeestatelaw.com
printincursive.com
privaterevolutions.com
prizepoints.com
processnow.biz
prodigyserver.us
professionalnurse.com
prolixlubricant.com
promomaniax.com
properpitchmounds.com
proslc.com
prospect2patient.com
prosperconnect.us
prostaff2.com
protronixcontrols.com
protronixcontrolswest.com
provexam.com
provexam.net
provignage.com
provn.com
provnow.com
prows.com
psource.org
psyterra.net
puddlemonkey.com
puddlemonkey.tv
pureluxurycr.com
purged-1536348208-eastlouisvilledentalgroup.com
purplestreak.com
purrsoft.com
pygmalionproductions.org
q90bo.com
q90.com
q90games.com
q90mail.com
q90software.com
qandatalent.com
qarx.org
qqesttime.com
qreg.fief.org
quacquac.org
qualitymachineandautomation.com
quando.joy
quickfightgame.com
quickhouseplans.com
quickmsg.org
racedayeventsoftware.com
rachelchamberlain.com
radiofeca.com
radiuscustomer.com
raffertycpc.com
raftgrandcanyon.com
raible.com
rainbowsign.com
rakattach.com
raleighplumbing.com
ralosolar.com
ralphbecker.com
ralphlittle.com
ramblingfools.com
randde.com
randdins.com
randomactivity.com
rangeinmotion.com
rapidmsg.net
rapidmsg.org
raynes.com
raynorassoc.com
rayquinney.com
rbgeng.com
rcdunn.com
rcsutah.com
rdtutah.org
readysetschool.org
reaganoutdoor.com
reaktor4.org
realestatecompstoday.com
realestategaleria.com
realestatequestionsonline.com
realoldieskcpx.com
realtimefx.com
realtyresources.us
realtyutah.net
receptionsonadime.com
rectasecurity.com
redantworks.com
redbudfluids.com
redeemer-slc.org
rediguana.com
redirectstats.com
redmanvan.com
redmen87.com
redriverranch.com
redrockanalog.com
redrockdemolition.com
redtailed.com
reeddesignstudio.com
reedsmootasc.com
reevelaw.com
regensupply.com
regnew.org
relaypost.net
religious-diplomacy.org
rememberingashley.org
remembermyservice.com
rememberthelight.com
remote-backup.net
remotemail.org
reportersinc.net
residentialcodecompliance.com
resortsunlimited.com
restorationdentalgroup.com
restorationutah.com
reuels.com
revcoauto.com
rexindustries.com
rgknox.com
rglmedical.com
rhymesranch.com
ri2007slc.com
ri2007slc.org
richandanita.com
richardpaulevans.com
richestiles.com
richsburgersngrub.com
richswen.com
richtasteboutique.com
rightpricerealty.com
rileycreekadvisors.com
rileyssandwiches.com
rins.org
ripefields.net
ririewoodbury.com
risingstarlc.com
ritewood.com
rjmooney.com
rloftuslcsw.com
rl-tec.com
rlwrightgroup.com
rmldesignstudio.com
rmsutah.com
roachpalace.com
roasting.com
robcagle.com
robertgmcarthurstudios.com
robertlbliss.com
robertsemmitt.com
robinballard.com
robinettesound.com
robotsenpaistudios.com
robtaylorlaw.com
rockmill.com
rockportoriginals.com
rockthebaade.com
rockymm.com
rockymountaindefenders.com
rockymountainracedeck.com
rockymtnrec.com
rogerbarrus.com
rolfe-n-kate-m.org
romanofirm.com
romuluslibrary.org
ronlynne.com
rosesachsgardens.com
roskelley.com
roughly3.com
roundupapp.co
rowmark.org
roxburystudios.com
royalrut.com
royassociates.net
royrmorleyfoundation.com
royrmorleyfoundation.org
rpstamm.com
rqn.com
r-signs.com
rubychacon.com
rwelaw.us
s3crush.com
s3datasafe.com
s3relay.com
saabas.net
sacramone.info
sads.org
safebolt.com
safeharborhope-old.org
safeinformation.org
safe-t-bleed.com
safetyeyewearoutlet.com
sagehillcohousing.com
sagehillshealing.com
sagehillsyoga.com
saintolaf.net
saline.lib.mi.us
salinelibrary.org
salsabravaorchestra.com
saltcityburgerco.com
saltcitynutco.com
saltcityremodeling.com
saltdepotinc.com
saltlakebookkeeping.com
saltlakecitydocumentscanning.com
saltlakecitymission.org
saltlakecomputers.com
saltlakeconcertposters.com
saltlakedumpster.com
saltlakeexcavating.com
saltlake-ex.com
saltlakefilmsociety.org
saltlakescan.com
saltlakesymphony.org
samwellers.com
sandwashmining.com
sanpetelaw.com
sapphicrouting.net
sartainandsaunders.com
savvyandco.com
sbdance.com
scaiusa.com
scanartistslc.com
schoolofbuildinginspection.com
sciencefiresolutions.com
scientologymissionofslc.org
scmaildemo.securitycoverage.com
scopefortheimagination.com
scorpionengineering.com
scottcollettdesign.com
scottgroup.us
scottiinsurance.com
scottiusa.com
scrimgur.com
scutahidaho.com
sdean.us
sdisportswear.com
sdsresearch.com
seafoodcommons.net
sealsama.com
seamoth.net
seandoes.email
seangraff.com
seanknows.email
sebringsoft.com
sebringusa.com
secten.com
secure-risk.com
seedecology3.org
seeleyoil.com
segmentationfault.net
segolilyschool.org
seguritandental.com
seitaiacupuncture.com
seizuresalad.com
sellhomesforless.com
semperex.com
senapps.com
sendatee.net
sendingbase.net
seniormc.net
senllc.com
sentinel.systems
sentinelsystems.net
sertamattress.com
servicemasterbyphipps.com
sevpartners.com
sfxkearns.org
sgpdentistry.com
shadow-ind.com
shafferfineart.com
shalomutah.org
shamrockplumbing.net
shanerdesign.com
shapeshifting.com
sharpstarps.net
shelterinc.net
shelterkids.org
shieldscpa.com
ship-brokers.com
shippingconnection.com
shippingconnections.com
shoparue.com
shopskaggs.com
shopurbanblues.com
shorewaves.biz
shorewaves.net
shwedeldental.com
siem.consulting
sierranevadaclassic.com
signaturebooks.com
signed-numbered.com
signitright.net
silconlaw.com
silveradocounseling.com
silveradocounseling.org
silverforklodge.com
silverstatefabrics.com
silverstatefabrics.net
silverstatetextiles.com
silvescopurged.com
simonfoto.com
simon-group.com
simpiri.com
simplecom.us
simplehomesutah.com
singletracksmovie.com
sistercommunity.org
situsretail.com
siufamily.com
sixadvisors.com
sixclick.com
sizeamatic.com
sizemorelaw.net
sjtwchurch.org
skaggsuta.com
skateutah.com
skiersedge.com
skipc.com
skipschmiett.com
skiutah.com
skydentalcares.com
skydivearizona.biz
skydivearizona.com
skydivearizona.info
skydiveaz.com
skyelynx.com
skylineproperties.org
skysat1.com
sladelogistics.com
sladvc.org
slc235admin.com
slc-avenues.org
slcba.net
slccentral.org
slcc-science.org
slcityart.org
slcjccold.org
slcrotary.org
slc.safebolt.email
slcscanning.com
slctattoo.com
slctrackclub.org
slcveg.com
sldvc.org
sleepstl.com
slenterprise.com
slexcavating.com
sl-ex.com
sl-ex.net
slfs.org
slgc.com
slicetolife.com
slipsafecoatings.com
slipsafe-deepclean.com
slipsafesolutions.com
slix.net
slmodern.org
slopesidesports.com
slowfoodutah.org
slsmaa.org
sls-pc.com
slsw.org
slugmag.com
smahtcer.com
smallbuilderloans.com
smallsantiques.com
smallwonderspreschoolinc.com
smartbuildingsolutions.com
smartcopyinc.com
smartdatasys.net
smartgo.com
smartplatemf.com
smartplatesmf.com
smartsharevacations.com
smawines.com
sme-logistics.com
smileboynton.com
smilegso.com
smilesavvydentistry.com
smilesofgrandriver.com
smushballs.com
smythprinting.com
snakerivertechnology.com
snedenergy.com
snedoil.com
sneveldentalgroup.com
snowbirdrc.org
snowclaw.com
snowie.com
snowtique.com
snowypeaksranch.com
sntdirect.net
soaringdata.info
socialhippo.com
sodiumcity.com
sofazen.com
softdentalmn-dev.com
soilvitals.com
solameretech.com
soldsorensen.com
soldsorenson.com
soldutah.com
solidassetsbedrock.com
soltima.com
solutionsresourcellc.biz
somedudesstuff.com
sonardit.com
songsforfilmandtv.com
sonntagrec.com
sorbio.com
sorensonheating.com
sorensonimpactfoundation.org
sorensonlegacyfoundation.org
soulsticedayspa.com
soul-work.org
source-tec.com
sourtosweet.net
southeast.cc
southeastchristianchurch.org
southendcapital.com
southernautomotiveservice.com
southerncrosshumanitarian.org
southgate.lib.mi.us
southhaven-homes.com
southvalleycreativedance.com
southvalleysanctuary.com
southvalleytraining.org
southwestgolfmanagement.com
soyonlegshq.com
spaguts.com
spanishconnections.net
sparanomooney.com
sparkxr.com
spataforedesign.com
spatafore.info
speakinapinch-old.com
specialabilities.org
specialtyclockrestorations.com
spectrumfsi-archive.com
speedskatingresults.com
speedstrip.com
spektor8.com
spencerhopper.com
sper.org
spicykungfu.com
spicyslc.com
spignerlaw.com
spiritofutahwilderness.org
spitlersolutions.com
splore.org
spoketek.com
sports-am-events.com
sportsdata.com
sportsguidemag.com
sportzam.com
spottravel.com
spottravel.net
springfield.lib.mi.us
spsllc.info
spyandnoon.com
squarecare.com
srlodg.com
srsmithcpa.com
ssb-management.com
stableprogram.com
stableprogram.org
stackable.com
stagehand.me
stambroseslc.com
stannagocutah.org
stantonfinley.org
starforgelabs.com
starfoundryusa.com
starseismic.net
starshield.us
starwoodprop.com
statpetro.com
stcap.ca
stealthracingtech.com
stealthrowing.com
steedproductions.com
stefi.me
stephenchun.com
stevemarie.com
stevemikita.com
stevespencerlaw.com
stfrancisxavierschool.org
stickthat.com
stijlwheel.com
stillwatercapital.ca
stillwatercapitalcorp.com
stillwaterc.com
stillwater.com
stillwaterinsurance.com
stjohnsccdc.org
stjoseph-wj.org
stmarkscathedral-ut.org
stolafs.org
stonesriverdental.com
storagemanage.com
storagenergy.com
stor-n-lock.com
stornlock.com
storycupboard.com
storyrock.com
stpauls-slc.org
str8relaxed2loc.com
strategiccommunication.com
strategichealth.net
strategiclegaladvisors.com
stratfordave.com
stratuscatheter.com
strawberrykernelpanic.net
streamlinecommunications.com
streamlinetelco.com
stream-on.com
strieperlaw.com
strongaudi.com
strongporsche.com
strongvw.com
stroudjewelers.com
studio768.com
studio-electric.com
suefor22.net
sugarhillcornersdentistry.com
sugarhousearchives.com
sugarhouse.com
sugarhousepark.org
sugarhouseshred.com
sugarhousestorage.com
sum1.org
sumi-g.com
summabrothers.com
summaveritas.com
summercoffeedog.com
summit-enviro.com
summitglobaldatabase.org
summithomehealth.com
sumnermargetts.com
sumocomold.com
sunbelco.com
sundancer-travel.com
sundancesupply.com
sunflower-ent.com
sunnysidecu.org
sunresearch.net
sunrisemountaingoods.com
sunstonespecialties.com
sunyfl.com
superautoss.com
superautous.com
superiorrealty-homes.com
surevote.org
surfcast.com
sutherlandtitle.com
sutherlandtitlecompany.com
svlac.com
svuus.org-archive
swanerecocenter.org
swanernaturepreserve.org
swaneysales.com
swcap.net
swesco.com
swg.me
swhpc.com
swhpclaw.com
swhyte.net
swiftmail.org
swipe.healthcare
swissbase.org
swissrockguides.com
sxhu.org
sylviapoliteold.com
symbiocelltech.info
synthbd.com
syntheticbiodesign.com
systronix.com
t2sm.us
t3christensen.net
taekwondograndmaster.com
tagranch.com
taika.biz
taika.com
taika.co.uk
taika.info
taika.net
taika.us
takashisushi.com
takeyourmarx.com
takhus.net
talonma.com
talonsurgical.com
tampabroadwaydental.com
tangocomm.com
tangstudies.org
tarrow.net
tasfinservices.net
tastegenes.org
tastelab.net
tasteofrediguana.com
taxesandaccountingsolutions.com
tayloradams.com
taylorengineering.net
taylor.lib.mi.us
taylorsbikeshop.com
taylorsboats.com
taylorsecurity.com
tbarnes.us
tbisuite.com
tbmseminars.com
tbsys.net
tchamptons.com
tcnorthfork.com
tdg.coop
team3006.com
teamcobra.com
teamgreenio.com
teaofutah.org
techkind.com
techne.systems
technologytrainers.net
techprovision.com
tei.email
tek26.com
tekana.com
tekdogsolutions.com
tekholding.com
telecom-america.com
tenkarasensei.com
terrelvanl.com
test.thecloudmigrator.com
test.xmission.com
tetonsports.com.old
texashillcountryproperties.net
tfdmuskegon.com
thb-inc.com
thcp.rocks
the1948timemachine.com
theartsorganization.com
theasper.net
thebiff.org
thebitfarm.com
thechadfreemancompany.com
thechestergrp.com
thechoirfilm.com
thecopperphoenix.com
thecornerof.net
thecuratedprofessional.com
thedocumentaryprojectfund.org
theeasthams.org
theemeevent.com
thefamilyplaceutah.org
thefifthaxis.com
thegardeningcoach.net
thegreenant.com
thegrippergroup.com
theguideline.com
thehappysumo.com
thehawkinslawfirm.com
thehawkinslawoffice.com
theinspectorutah.biz
theirongateinn.com
thejackmans.com
thejudyhouse.com
thellc.net
thelongmemory.com
thelotuseffects.com
themobilesource.net
themobilesource.us
themortgage-expert.com
thepackergroup.com
thepeeryhotel.com
thepelorusgroup.com
thepioneerparkcoalition.org.old
therapyanimals.org
therapyanimalsutah.com
therapyanimalsutah.org
the-scdu.org
theshadowcoop.com
thesolutionfarm.com
thetempestco.com
theths.org
thetinyabode.com
thetollstrupgroup.com
theunionstation.org
thewesternlawyer.com
thmi.com
thomasfoxproperties.com
three6ixty.com
thriftmouse.com
thrombodyne.com
thunterlaw.com
thzdc.com
tiburonfinedining.com
tigermountainimaging.com
timdahleinfiniti.com
timecompass.com
timelesstraditionsquilts.com
timgibbons.com
timhillconcrete.com
timnoah.com
timnoahproductions.com
titusprojects.com
tkjinc.org
tln.lib.mi.us
tmsociety.org
tnoodle.com
todayssmiledental.com
tokyokeiso.us
tomandcarole.com
tomkellyphoto.com
tongyu-usaold.com
toolcachecanada.com
toolcache.com
tope.us
total-comp.com
total-computing.com
touchstoneadvisorsllc.com
tourdebrewtah.org
towertheatre.com
townandcountryhamptons.com
townandcountrynorthfork.com
townandcountryrealestate.biz
toyvan.com
tracsfinancial.com
tracykidd.com
tracys-workshop.com
tradeprintfinishing.com
tradewindtechnologies.com
traduciados.com
traduciados.net
traikos.com
trailrun.com
trailrun.us
trailsutah.org
transera.com
trasaurbanarts.org
travelandrvpark.net
travelbag.org
travelcampus.com
treeutahold.org
trenton.lib.mi.us
trial-tech.com
trimatrix.us
triodining.com
triplettc-d.com
tristardentalstudio.com
tristatewirerope.com
tritonventures.com
troy-fretwell-resume.com
truckingtaxprep.com
tru-cut.net
tsjames.com
tuitionfundingsources.com
turbopost.net
turn4turn.com
turnerlumbermoab.com
tuutah.org
tvspinec.com
twtwatertreatment.com
uaata.org
uacdl.org
uacdtraining.org
uad.org
uah.org
ualj.org
ubcutah.com
ubix.us
udeo.org
uec-utah.org
ufcwtraining.mb.ca
ugaa.org
ugartetrucking.com
ugsutah.org
uhhr.org
uhja.org
uicsl.org
uintaheadwaters.org
uintahmachine.com
uintamarketing.com
ujfslc.org
uliv.org
ultrakitchendesign.com
umaclife.com
umbrellatheater.org
umea.us
umhca.org
unautah.org
undergroundgypsycabaret.com
underzc.com
unicefred.org
unionpaymentsystems.com
universitypharmacy.com
univistatechnologies.com
uniwavetek.com
unlimitedsiding.com
unps.org
unwantedhomes.com
unyieldingly.com
upha.org
uphe.org
uphw.org
upstartvc.com
uptownanalytics.com
uptownmgmt.com
uptownsmiledental.com
urbanbirdfest.com
urbancoopsters.com
urbanoutsourcing.com
urbanrevivalstaging.com
urbanutah.com
urohaiti.org
usamexrt.com
usana.com
usanatoday.net
usautism.com
usautism.org
usfr.org
usgbcutah.org
ushare-utah.org
us.mefro-wheels.com
usrpa.org
ussatellite.com
ussc.com
usskilodging.com
uswelcomepavilion.org
utahaazk.org
utahadvjournal.com
utahanimaladoptioncenter.org
utahanimalrights.com
utahanimals.org
utahapl.org
utaharts-old.org
utahasianchamber.com
utahasianchamber.org
utahattorney.com
utahautismfoundation.org
utahbarfoundation.org
utah-beta.org
utahbluechips.org
utahbluesfest.org
utahbluessociety.org
utahburials.com
utahbusinesssales.com
utahcan.org
utahcanyonlands.com
utahcap-old.org
utahcfa.org
utahchamberartists.org
utahchildren.org
utahcondolaw.com
utahcontinuum.org
utahcrossroads.org
utahdata.org
utahdatastorage.com
utahdemocrats.org
utahdivercity.org
utahdocumentscanning.com
utahenergyideas.com
utahfilmcenterzimbra.org
utahfirearmtraining.com
utahganesha.org
utahgivingmatters.com
utahhba.com
utahhcc.com
utahhockey.com
utahhousing.org
utahitac.com
utahjobie.org
utahjumpstart.org
utahkings.com
utahlandscape.com
utahlaraza.org
utahlube.com
utahmobilestorage.com
utahmovingsolutions.com
utahmtnproperties.com
utahnsforbettertransportation.org
utahoes.org
utahpath.org
utahpetpartners.org
utahpetroleum.org
utahphilanthropyday.org
utahpigbus.com
utahplastgroup.com
utahpridecenterpurged.org
utahpridefestivalpurged.org
utahrealty.com
utahrecordstorage.com
utahrecycles.org
utahreporting.com
utahreps.com
utahrivers.org
utahrivertrips.com
utahscanning.com
utahshootingsportscouncil.org
utahshred.com
utahskiauthority.com
utahstonewalldems.org
utahswimandspa.com
utahtherapyanimals.org
utahtourism.org
utahtravelconnection.com
utahurbanforest.org
utahvhfs.org
utahwindsymphony.org
utahwomenlawyers.org
utahyaki.com
utcaregiver.org
utch-old.org
utcpd.com
utdems.org
utfellows.org
uthca.org
utnurse.org
uwcoalition.org
uwif.org
uwift.org
uwin.org
uzms01.xmission.com
vacationside.com
valefamilydental.com
valencepartners.com
valleystorage.com
vancevans.com
vancouverbsides.com
vanderwood.com
vandiver.me
vanguardhardmoney.com
vanguardmechanical.org
vanitynumbersinc.com
vantyne.com
vargopt.com
varianfederalcu.org
varnersolutions.com
vcurb.com
vectorresources.com
veggiegoods.com
velocitypress.net
venetianworld.com
venturebluecapital.com
verbatimsolutions.com
vestpocket.org
viamattarestaurant.com
victor-alert.com
video-right.com
vikasantoro.com
vina1.com
violetbaddley.com
virginiarainey.com
visi.family
visionsurv.com
visisite.com
visitpearlandtexas.us
viteris.com
vivelafranceschool.com
vivid-text.com
voice-ology.com
volsicreative.com
volunteerinsaltlake.org
vortechslc.com
vortexfireworks.com
votebenmcadams.com
voterise.org
votesusanhd45.com
vstran.com
vsys1.com
vsyslive.com
vsysone.com
vvsecurity.com
vzfx.com
vzr.hu
wa7x.com
walgamottrealestate.com
wall-law.com
wanderingbluelines.com
waoil.org
wardellfamily.com
warm.cafe
wasatchadaptivesports.com
wasatchadaptivesports.com
wasatchadaptivesports.org
wasatchavian.com
wasatchbenefit.com
wasatchcontras.org
wasatchcs.org
wasatcheconomics.com
wasatchfrontcp.com
wasatchhollowcc.org
wasatchlodge.org
wasatchndt.com
wasatchnetworks.com
wasatchpublicmedia.org
wasatchrollerderby.com
wasatchtopsoil.com
wasatchwiggle.org
watchdogproperty.com
waterwalldisplays.com
waterweek.org
watsonwalker.com
waveoblues.com
waynegearystudio.com
wayne.lib.mi.us
wcs-utah.com
wdcutah.org
weatherizationschool.com
webbertext.com
webbuilderpro.net
webermad.org
webersustain.com
webmail.tln.org
weboflifewc.com
web-weavers.com
weingartnerdental.com
welchrandall.com
wellerbookworks.com
wellsadvisory.com
weloveparkcity.com
welti-call.com
wer2010b4772l8r.com
wertsch.net
westbayabode.net
western-arch.com
western-architectural.com
westerngeneralfacilities.com
western-geologic.com
westerngeologic.com
westernmachine.net
westernmutualinsurance.com
westernwildlifeconservancy.org
westheather.com
westjordanchamber.com
westmarkhealthcare.com
westpointecc.org
westvalleysymphonyutah.org
wfcproperties.org
wffl.com
whitebuffaloknife.com
whitecityutah.org
whitedotsolutions.com
whitepineconstruction.biz
whiterabbitproductions.com
whitesandsolutions.com
whitestreetbrewing.com
whiteworld.com
whitneygardenslandscape.com
whoalaw.com
wholesomebasics.com
wickedcoolwoodworking.com
wicousa.com
wieser.com
wihutah.com
williamtellinc.com
willinghamdesign.com
willowcanyon.com
willowcanyon.org
willowcanyonproductions.org
willowcreekcc.com
wiltecresearch.com
winchester-gardens.com
winchesternursery.com
window-dynamics.com
windwardengineering.com
wingfootplasticcards.com
wingfootservices.com
wingsanddreams.org
winn-cpa.com
winsteadparkcity.com
wkwilburn.com
wlcutah.com
wmalyons.com
wmhall.net
wmimutual.com
wmtransport.net
wojciktech.com
wolcottoptical.com
womensartcenter.org
womensdvshelter.org
woodinglab.org
woodlanedentistry.com
woodyprinting.com
woolywest.com
wordiva.net
words3.com
worldjoyghana.org
worldyouthprograms.org
worthyart.photography
worthycreative.pro
wpfcompliance.org
wrgrant.net
writersatwork.org
wslcofutah.org
wt-inc.com
wtt.org
wucmd.com
wwhi.org
wydah.com
wyomingmining.org
xdesign.com
xeriscapedesign.com
xkid.com
xlocober.biz
xmission.com
xmission.mxtoolbox.net
xmlocal.com
xmsalestraining.net
xnetwrx.com
xnote.com
xplumbing.com
xtractly.com
yeabiz.com
yeda.org
yellowstoneranchpreserve.com
yermoms.com
yorksite.com
youngriders.com
yourlendingadvantage.com
yourmailhome.net
yourvacationstation.com
youthlinc.org
ytownparks.org
yytdevelopment.com
zahracharity.org
zbrotherspizza.com
zdesign.net
zekestudios.com
zelc.org
zenith-design.com
zephyrc.com
zeponiepizza.com
zim1.mxtoolbox.com
zim5.mxtoolbox.com
zimbra.protelnetworks.com
zimbra.tradetech.net
zionparkhotel.info
zipgraphic.com
zipzepp.com
z-mailbox.com
zoobuh.com
zuaudio.com
"**CONFIDENTIAL: This list and the information contained herein is the confidential and proprietary information of XMission L.C. This confidential information is subject to the confidentiality provisions of your client contract. Any disclosure of this confidential information is a violation of the client contract and subject to direct and immediate actions by ClickBank, XMission L.C., or both.**"